Province,Population,Quota
P0,5300000,21.80219
P1,9200000,37.84531
P2,5400000,22.21355
P3,8000000,32.90897
P4,3200000,13.16359
P5,8800000,36.19986
P6,8100000,33.32033
P7,10100000,41.54757
P8,3600000,14.80903
P9,6200000,25.50445
P10,11700000,48.12936
P11,5800000,23.859
P12,7000000,28.79535
P13,6300000,25.91581
P14,4800000,19.74538
P15,10700000,44.01574
P16,7000000,28.79535
P17,9400000,38.66804
P18,6400000,26.32717
P19,9100000,37.43395
